Workbook
Name ACTION: #REF!

Sheet Cover
C2: TEST CASE
B4: Project Name | C4: <Project Name> | F4: Creator
B5: Project Code | C5: <Project Code> | F5: Reviewer/Approver
B6: Document Code | C6: =C5&"_"&"XXX"&"_"&"vx.x" -> <Project Code>_XXX_vx.x | F6: Issue Date
F7: Version
B10: Record of change
B11: Effective Date | C11: Version | D11: Change Item | E11: *A,D,M | F11: Change description | G11: Reference
B12: <Date when these changes are effective> | G12: <List of documents which are referred in this version.>

Sheet Test case List
D1: TEST CASE LIST
B3: Project Name | D3: =Cover!C4 -> <Project Name>
B4: Project Code | D4: =Cover!C5 -> <Project Code>
B5: Test Environment Setup Description | D5: <List enviroment requires in this system 1. Server 2. Database 3. Web Browser ... >
B8: No | C8: Function Name | D8: Sheet Name | E8: Description | F8: Pre-Condition
B9: 1 | C9: Data Integrity | D9: Module1
B10: 2 | C10: Data Consistency | D10: Module2

Sheet Module1
A2: Module Code | B2: Module1
A3: Test requirement | B3: <Brief description about requirements which are tested in this sheet>
A4: Tester
A5: Pass | B5: Fail | C5: Untested | D5: N/A | E5: Number of Test cases
A6: {=SUM(IF($G$9:$G$100="Pass",1,0))} -> 4 | B6: {=SUM(IF($G$9:$G$100="Fail",1,0))} -> 1 | C6: =E6-D6-B6-A6 -> 0 | D6: {=SUM(IF($G$9:$G$100="N/A",1,0))} -> 0 | E6: =ROWS(A9:A13) -> 5
B7: {=SUM(IF($G$9:$G$100="Fail",L10))} -> 0
A8: ID | B8: Test Case Description | C8: Pre-condition | D8: Test Case Procedure | E8: Expected Output | F8: Test data | G8: Result | H8: Test data | I8: Description
A9: TC_DI_01 | B9: Verify Order ID is stored correctly in database after order creation | C9: 1. System is running normally 2. User is logged in successfully 3. Order creation API/UI is available | D9: 1. Login as customer 2. Navigate to Menu page 3. Add food to cart 4. Place order successfully 5. Connect to database 6. Query orders collection using Order ID | E9: Order document exists with correct ObjectId | F9: TestData01 | G9: Pass | H9: TestData
A10: TC_DI_02 | B10: Verify Customer ID is linked correctly to order | C10: 1. Customer account exists 2. Order is created successfully | D10: 1. Login as customer 2. Navigate to Menu page 3. Add food to cart 4. Place order successfully 5. Query orders collection using customer ID 6. Check customerId field | E10: customerId matches user ObjectId | F10: TestData02 | G10: Pass | H10: TestData
A11: TC_DI_03 | B11: Verify ordered items are stored correctly without duplication | C11: 1. Food items exist in database 2. Order is created | D11: 1. Login as customer 2. Navigate to Menu page 3. Create order with multiple items 4. Query orders collection 5. Inspect items array | E11: No duplicated Id, valid quantity and price | F11: TestData03 | G11: Pass | H11: TestData
A12: TC_DI_04 | B12: Verify total amount matches calculated value | C12: 1. Order items stored correctly | D12: 1. Login as customer 2. Navigate to Menu page 3. Create order with multiple items 4. Retrieve order document 5. Calculate total manually 6. Compare with total field | E12: total equals calculated value | F12: TestData04 | G12: Pass | H12: TestData
A13: TC_DI_05 | B13: Verify that the price of food items is stored with valid non-negative values. | C13: 1. Food items exist in database | D13: 1. Login as customer 2. Create an order with food items 3. Place order successfully 4. Connect to database 5. Query Food collection 6. Inspect price | E13: Price > 0 | F13: TestData05 | G13: Fail | H13: TestData | I13: Price is invalid value (<0)

Sheet Module2
A2: Module Code | B2: Module1 | J2: Pass
A3: Test requirement | B3: <Brief description about requirements which are tested in this sheet> | J3: Fail
A4: Tester
A5: Pass | B5: Fail | C5: Untested | D5: N/A | E5: Number of Test cases | J5: Untesed
A6: {=SUM(IF($G$9:$G$99="Pass",1,0))} -> 2 | B6: {=SUM(IF($G$9:$G$99="Fail",1,0))} -> 0 | C6: =E6-D6-B6-A6 -> 0 | D6: {=SUM(IF($G$9:$G$99="N/A",1,0))} -> 3 | E6: =5 -> 5 | J6: N/A
A8: ID | B8: Test Case Description | C8: Pre-condition | D8: Test Case Procedure | E8: Expected Output | F8: Test data | G8: Result | H8: Test data | I8: Description
A9: TC_DC_01 | B9: Verify updated food information is saved correctly in database | C9: 1. Admin account exists 2. Food item exists | D9: 1. Login as admin. 2. Navigate to Food List page. 3. Update food information and save changes. 4. Query foods collection using Food ID. 5. Verify updated food data. | E9: Food document reflects updated information | F9: TestData06 | G9: N/A | H9: TestData
A10: TC_DC_02 | B10: Verify added food name, price, and description are consistent across Menu and Home page | C10: 1. Food linked to menu | D10: 1. Login as admin. 2. Navigate to Food List page. 3. Adding food information and save changes. 4. Query menus collection. 5. Verify updated food information in menu data. | E10: Menu shows new food information | F10: TestData07 | G10: Pass | H10: TestData
A11: TC_DC_03 | B11: Verify deleted food name, price, and description are consistent across Menu and Home page | C11: 1. Food linked to menu 2. Food item exist | D11: 1. Login as admin. 2. Navigate to Food List page. 3. Delete food item and save changes. 4. Query menus collection. 5. Verify food information in menu data. | E11: Food item was deleted is not exist in Menu | F11: TestData08 | G11: Pass | H11: TestData
A12: TC_DC_04 | B12: Verify UI data matches database data after update | C12: 1. Food update completed successfully | D12: 1. Login as admin. 2. Navigate to Food List page. 3. Update food information and save changes. 4. View updated food data on UI. 5. Query foods collection in database. 6. Compare UI data with database data. | E12: UI data matches database data | F12: TestData09 | G12: N/A | H12: TestData | I12: Web does not support update food item
A13: TC_DC_05 | B13: Verify that search queries return correct food items from the database matches the keyword input | C13: 1. Food linked to menu 2. Food item exist | D13: 1. Login as admin. 2. Navigate to Menu. 3. Search food item with a keyword 4. View result | E13: List food item matches keyword input | F13: TestData10 | G13: N/A | H13: TestData | I13: Web does not support search food item

Sheet TestData
A1: Test Data ID | B1: Test Case ID | C1: Description | D1: Data Details
A2: TestData01 | B2: TC_DI_01 | C2: Order ID generated after order creation | D2: Order ID: ObjectId ('694264de07bd2dc831baf22b')
A3: TestData02 | B3: TC_DI_02 | C3: Customer ID linked to order | D3: User ID: ObjectId('6940ba43fa88c9df0c7d50fa'), Order.UserId = '6940ba43fa88c9df0c7d50fa'
A4: TestData03 | B4: TC_DI_03 | C4: Multiple food items in order without duplication | D4: FOOD_01 (price 99, qty 2); FOOD_02 (price: 20, qty: 1)
A5: TestData04 | B5: TC_DI_04 | C5: Total amount calculated from order items | D5: Expected totalAmount = 120
A6: TestData05 | B6: TC_DI_05 | C6: Valid quantity and price values | D6: quantity = 1 (>0)
A7: TestData06 | B7: TC_DC_01 | C7: Food information after update
A8: TestData07 | B8: TC_DC_02 | C8: Food information after adding | D8: Name: Con Ngua; Price: 99
A9: TestData08 | B9: TC_DC_03 | C9: Menu after deleting some foods | D9: N/A
A10: TestData09 | B10: TC_DC_04 | C10: UI and DB data after update | D10: Data fields verify: [Name, Price, Description]
A11: TestData10 | B11: TC_DC_05 | C11: List food after search keyword input | D11: Cake

Sheet Test Report
B1: TEST REPORT
B3: Project Name | C3: <Project Name> | E3: Creator
B4: Project Code | C4: <Project Code> | E4: Reviewer/Approver
B5: Document Code | C5: =C4&"_"&"Test Report"&"_"&"vx.x" -> <Project Code>_Test Report_vx.x | E5: Issue Date | H5: <Date when this test report is created>
B6: Notes | C6: <List modules included in this release> ex: Release 1 includes 2 modules: Module1 and Module2
B10: No | C10: Module code | D10: Pass | E10: Fail | F10: Untested | G10: N/A | H10: Number of test cases
B11: 1 | C11: =Module1!B2 -> Module1 | D11: =Module1!A6 -> 4 | E11: =Module1!B6 -> 1 | F11: =Module1!C6 -> 0 | G11: =Module1!D6 -> 0 | H11: =Module1!E6 -> 5
B12: 2 | C12: Module2 | D12: =Module2!A6 -> 2 | E12: =Module2!B6 -> 0 | F12: =Module2!C6 -> 0 | G12: =Module2!D6 -> 3 | H12: =Module2!E6 -> 5
C14: Sub total | D14: =SUM(D9:D13) -> 6 | E14: =SUM(E9:E13) -> 1 | F14: =SUM(F9:F13) -> 0 | G14: =SUM(G9:G13) -> 3 | H14: =SUM(H9:H13) -> 10
C16: Test coverage | E16: =(D14+E14)*100/(H14-G14) -> 100 | F16: %
C17: Test successful coverage | E17: =D14*100/(H14-G14) -> 85.714286 | F17: %
