Workbook
Name ACTION: #REF!
Name ACTION: #REF!

Sheet Cover
C2: TEST CASE
B4: Project Name | C4: <Project Name> | F4: Creator
B5: Project Code | C5: <Project Code> | F5: Reviewer/Approver
B6: Document Code | C6: =C5&"_"&"XXX"&"_"&"vx.x" -> <Project Code>_XXX_vx.x | F6: Issue Date
F7: Version
B10: Record of change
B11: Effective Date | C11: Version | D11: Change Item | E11: *A,D,M | F11: Change description | G11: Reference
B12: <Date when these changes are effective> | G12: <List of documents which are referred in this version.>

Sheet Test case List
D1: TEST CASE LIST
B3: Project Name | D3: =Cover!C4 -> <Project Name>
B4: Project Code | D4: =Cover!C5 -> <Project Code>
B5: Test Environment Setup Description | D5: <List enviroment requires in this system 1. Server 2. Database 3. Web Browser ... >
B8: No | C8: Function Name | D8: Sheet Name | E8: Description | F8: Pre-Condition
B9: 1 | C9: Authentication & User Management | D9: Authentication | E9: Includes User Registration, Login/Logout for both Customer and Admin, and User Role/Status Management. | F9: Database initialized and system accessible.
B10: 2 | C10: Product & Catalog Management | D10: Product | E10: Management of food items: Adding new products, Hiding/Showing items on the menu, and Category filtering. | F10: Admin privileges granted.
B11: 3 | C11: Cart Interaction | D11: Cart | E11: Core shopping cart operations: Adding items, Removing items, and Updating product quantities. | F11: Food menu is accessible with items.
B12: 4 | C12: Order & Payment Processing | D12: Order & Payment | E12: End-to-end checkout via Stripe, Delivery info validation, Order tracking, and Admin order status updates. | F12: Cart contains at least one item.

Sheet Authentication
A2: Module Code | B2: Authentication | F2: Pass
A3: Pass | B3: Fail | C3: Untested | D3: N/A | E3: Number of Test cases | F3: Untesed
A4: =COUNTIF(E7:E995,"Pass") -> 17 | B4: =COUNTIF(E7:E995,"Fail") -> 0 | C4: =E4-D4-B4-A4 -> 0 | D4: =COUNTIF(E$7:E$995,"N/A") -> 1 | E4: =COUNTA(A7:A954) -> 18 | F4: N/A
A6: ID | B6: Test Case Description | C6: Test Case Procedure | D6: Expected Output | E6: Result
A7: TC_LOGIN_01 | B7: Login with valid customer email and valid password | C7: 1. Open Login page 2. Enter valid customer email 3. Enter valid password 4. Click Login | D7: User logs in successfully and is redirected to customer dashboard | E7: Pass
A8: TC_LOGIN_02 | B8: Login with valid admin email and valid password | C8: 1. Open Login page 2. Enter valid admin email 3. Enter valid password 4. Click Login | D8: 1. Open Login page 2. Enter valid admin email 3. Enter valid password 4. Click Login | E8: N/A
A9: TC_LOGIN_03 | B9: Verify system redirects user to correct page after login | C9: 1. Login with valid credentials | D9: User is redirected to correct page based on role | E9: Pass
A10: TC_LOGIN_04 | B10: Login with invalid email and invalid password | C10: 1. Open Login page 2. Enter invalid email 3. Enter invalid password 4. Click Login | D10: Login fails and error message is displayed | E10: Pass
A11: TC_LOGIN_05 | B11: Verify error message is displayed when login fails | C11: 1. Login with invalid credentials | D11: Appropriate error message is displayed | E11: Pass
A12: TC_LOGIN_06 | B12: Login with empty email or password field | C12: 1. Open Login page 2. Leave email or password empty 3. Click Login | D12: Validation message is displayed | E12: Pass
A13: TC_LOGIN_07 | B13: Verify password characters are masked during input | C13: 1. Open Login page 2. Enter password -> Click Login | D13: Password characters are displayed as dots or asterisks | E13: Pass
A14: TC_LOGIN_08 | B14: Verify password is not displayed in plain text after typing | C14: 1. Enter password in password field | D14: Password is hidden and not readable | E14: Pass
A15: TC_LOGOUT_01 | B15: Logout successfully from the system | C15: 1. Open Login page 2. Enter valid email password 3. Click Login 4. Click Logout | D15: User is logged out and redirected to login page | E15: Pass
A16: TC_LOGOUT_02 | B16: Verify session/token is cleared after logout | C16: 1. Open Login page 2. Enter valid email password 3. Click Login 4. Click Logout | D16: Session/token is cleared | E16: Pass
A17: TC_LOGOUT_03 | B17: Verify user cannot access protected pages after logout | C17: 1. Open Login page 2. Enter valid email password 3. Click Login 4. Click Logout | D17: User is redirected to login page | E17: Pass
... A24: TC_ADM_04 | B24: Admin logs out successfully from admin dashboard | C24: 1. From the admin dashboard, locate the Logout button/icon. 2. Click Logout. 3. Try to access an admin page again using the browser’s Back button or by typing the admin URL directly. | D24: Admin session is terminated. User is redirected to the Admin Login page. When trying to access any admin page again, the system requires login and does not show the protected pages without authentication. | E24: Pass

Sheet Product
A2: Module Code | B2: Product | F2: Pass
A3: Pass | B3: Fail | C3: Untested | D3: N/A | E3: Number of Test cases | F3: Untesed
A4: =COUNTIF(E7:E987,"Pass") -> 7 | B4: =COUNTIF(E7:E987,"Fail") -> 1 | C4: 0 | D4: =COUNTIF(E$7:E$987,"N/A") -> 0 | E4: =COUNTA(A7:A954) -> 8 | F4: N/A
A6: ID | B6: Test Case Description | C6: Test Case Procedure | D6: Expected Output | E6: Result | G6: Note
A7: TC_LST_01 | B7: Admin hides a currently visible food item | C7: 1. Navigate to List Items → All Food List. 2. Identify a product whose Action button is Hide (item is currently visible on customer menu). 3. Click the Hide button for that product. 4. Open the customer Menu page in a new tab/window and look for that product. | D7: On the admin List Items page: the clicked row changes state – the Action button text changes from Hide to Show and the item appears “disabled/greyed” (if implemented). On the customer Menu page: that product is no longer visible to customers. | E7: Pass
A8: TC_LST_02 | B8: Admin shows a currently hidden food item | C8: 1. Identify a product whose Action button is Show (item is currently hidden on customer menu). 2. Click the Show button for that product. 3. Open/reload the customer Menu page and look for that product. | D8: On the admin List Items page: the clicked row changes state – the Action button text changes from Show to Hide, and row text returns to normal style. On the customer Menu page: that product becomes visible again in the list of foods. | E8: Pass
A9: TC_LST_03 | B9: Newly added product appears in All Food List correctly | C9: 1. From sidebar, click Add Items and add a valid new product (with image, name, category, price). 2. After saving, go to List Items page. 3. Search visually for the new product in the All Food List. | D9: The new product appears in the All Food List table with correct Image, Name, Category, Price, and Action button set to Hide (visible by default). | E9: Pass
A10: TC_ADP_01 | B10: Admin adds a new product with valid information | C10: 1. Navigate to the Add Items page. 2. Click Upload and choose a valid image file. 3. Enter a unique value into Product name. 4. Enter text into Product description. 5. Select a value from Product category dropdown. 6. Enter a positive number into Product price. 6. Click the ADD button. | D10: Product is created successfully. A success message is displayed, and the new product appears in the product list with correct name, description, category, price, and image. | E10: Pass
A11: TC_ADP_02 | B11: Add product with empty Product name | C11: 1. (Optional) Upload a valid image. 2. Leave Product name empty. 3. Enter valid Product description. 4. Select a valid Product category. 5. Enter a valid positive Product price. 6. Click ADD. | D11: System does not create the product. A validation error is shown for Product name, and the user remains on the Add Product page. | E11: Pass
A12: TC_ADP_03 | B12: Add product with invalid price (0 or negative value) | C12: 1. (Optional) Upload a valid image. 2. Enter a valid Product name. 3. Enter valid Product description. 4. Select a valid Product category. 5. In Product price, enter 0 (or a negative value such as -5). 6. Click ADD. | D12: System does not create the product. A validation error is shown for Product price, and the user remains on the Add Product page. | E12: Fail | F12: (Pass for Price > 0 Not Pass for price < 0)
A13: TC_ADP_04 | B13: Add product with empty description | C13: 1. (Optional) Upload a valid image. 2. Enter a valid Product name. 3. Leave Product description empty. 4. Select a valid Product category. 5. Enter a valid positive Product price. 6. Click ADD. | D13: System does not create the product. A validation error is shown for Product description. | E13: Pass
A14: TC_ADP_05 | B14: Upload invalid file type as product image | C14: 1. Click Upload and select a non‑image file (e.g. .txt, .exe). 2. Fill Product name, Product description, Product category, and Product price with valid values. 3. Click ADD. | D14: System rejects the uploaded file type and shows an error. Product is not created until a valid image is uploaded. | E14: Pass

Sheet Cart
A2: Module Code | B2: Cart | F2: Pass
A3: Pass | B3: Fail | C3: Untested | D3: N/A | E3: Number of Test cases | F3: Untesed
A4: =COUNTIF(E7:E989,"Pass") -> 4 | B4: =COUNTIF(E7:E989,"Fail") -> 0 | C4: =E4-D4-B4-A4 -> 0 | D4: =COUNTIF(E$7:E$989,"N/A") -> 0 | E4: 4 | F4: N/A
A6: ID | B6: Test Case Description | C6: Test Case Procedure | D6: Expected Output | E6: Result
A7: TC_ADD_01 | B7: User add food(s) into cart | C7: 1. Press the plus icon at the bottom right of the desired food(s) | D7: Food(s) successfully added to the user's cart | E7: Pass
A8: TC_RM_01 | B8: User remove food from the menu page | C8: 1. Press the minus icon at the bottom right of the desired food(s) | D8: Food(s) successfully removed to the user's cart | E8: Pass
A9: TC_RM_02 | B9: User remove food from the cart | C9: 1. Navigate to the top of the site 2. Click the cart icon 3. Press the X symbol | D9: Food(s) successfully removed to the user's cart | E9: Pass
A10: TC_PM_01 | B10: User proceed to payment page | C10: 1. Navigate to the top of the site 2. Click the cart icon 3. Click Proceed to Checkout | D10: User will be redirected to the payment page | E10: Pass

Sheet Order & Payment
A2: Module Code | B2: Order & Payment
A3: Pass | B3: Fail | C3: Untested | D3: N/A | E3: Number of Test cases
A4: =COUNTIF(E7:E982,"Pass") -> 11 | B4: =COUNTIF(E$7:E$982,"Fail") -> 0 | C4: 0 | D4: =COUNTIF(E$7:E$982,"N/A") -> 1 | E4: =COUNTA(A7:A954) -> 12
A6: ID | B6: Test Case Description | C6: Test Case Procedure | D6: Expected Output | E6: Result | F6: Note
A7: TC_ORD_01 | B7: User clicks Track Order button to view order tracking | C7: 1. Navigate to the Orders page. 2. Identify any order in the list. 3. Click the Track Order button on that order. | D7: Any existing order in the list | E7: N/A
A8: TC_ORD_02 | B8: Change order status from “Food Processing” to “Out for delivery” | C8: 1. From the admin panel, open the Order Page. 2. Locate an order whose status dropdown currently shows Food Processing. 3. Click the status dropdown for that order. 4. Select Out for delivery from the list. 5. Refresh the page or reopen Orders page. | D8: The selected order’s status is updated to Out for delivery. After refresh/reopen Orders page, the same order still shows Out for delivery in the status dropdown. | E8: Pass
A9: TC_ORD_03 | B9: Change order status from “Out for delivery” to “Delivered” | C9: 1. On the Order Page, locate an order whose status dropdown shows Out for delivery. 2. Click the status dropdown for that order. 3. Select Delivered from the options. 4. Refresh the page or reopen Orders page. | D9: The selected order’s status is updated to Delivered. After refresh, the order still shows Delivered in the status dropdown. The order may be visually marked as completed if such styling is implemented. | E9: Pass
A10: TC_ORD_04 | B10: Newly created customer order appears on Order Page with correct information | C10: 1. On the customer site, place a new order successfully. 2. In the admin panel, open the Order Page. 3. Look for the new order in the list of orders. | D10: The new order appears on the Order Page with correct item name(s), quantity (Items:), customer name, address, phone number, and total price. Default status is Food Processing. | E10: Pass
A11: TC_CHK_01 | B11: User proceeds to payment page with all valid delivery info | C11: 1. Open the Checkout page. 2. Enter valid values into all fields: First name, Last name, Email Address, Street, City, State, Zip Code, Country, Phone. 3. Click PROCEED TO PAYMENT. | D11: User is redirected to the Payment page. Delivery info and cart totals are carried over correctly. | E11: Pass
A12: TC_CHK_02 | B12: Required field First name is empty | C12: 1. Open the Checkout page. 2. Leave First name empty. 3. Fill all other fields with valid data. 4. Click PROCEED TO PAYMENT. | D12: Validation message is shown for First name. User stays on Checkout page. | E12: Pass
A13: TC_CHK_03 | B13: Invalid email format | C13: 1. Open the Checkout page. 2. Enter an invalid email in Email Address 3. Fill all other fields with valid data. 4. Click PROCEED TO PAYMENT. | D13: Validation error shown for Email Address. User is not redirected. | E13: Pass
A14: TC_CHK_04 | B14: Phone number contains non‑numeric characters / invalid length | C14: 1. Open the Checkout page. 2. Enter invalid phone. 3. Fill other fields with valid data. 4. Click PROCEED TO PAYMENT. | D14: Validation error shown for Phone. User is not redirected. | E14: Pass
A15: TC_CHK_05 | B15: Zip Code invalid (non‑numeric or wrong length) | C15: 1. Open the Checkout page. 2. Enter invalid value in Zip Code 3. Fill other fields with valid data. 4. Click PROCEED TO PAYMENT. | D15: Validation error shown for Zip Code. User is not redirected to the Payment page. | E15: Pass
A16: TC_CHK_06 | B16: Cart Totals are calculated and displayed correctly | C16: 1. The price is calculated 2. Go to Checkout page. 3. Observe Subtotals, Delivery Fee, Total values. | D16: Show the total price | E16: Pass
A17: TC_STRIPE_01 | B17: User pays order successfully via Stripe (test mode) | C17: 1. From the site, click Proceed to payment to open the Stripe payment page. 2. On Stripe page, keep currency as $20.00 (USD). 3. In Email, enter a valid email. 4. In Card information, enter a valid card number. 5. Enter valid MM/YY and CVC. 6. In Cardholder name, User enter their name. 7. Keep Country or region as the default. 8. (Optional) Leave “Save my information…” unchecked. 9. Click Pay. | D17: 1. Stripe processes the payment and shows a successful payment confirmation. 2. Browser is redirected back to the website’s payment success page. 3. On the site, the order status is updated to Food Processing. 4. No double charge is created for a single click on “Pay”. | E17: Pass
A18: TC_STRIPE_02 | B18: Stripe payment with invalid card number (decline) | C18: 1. Open Stripe payment page from your site. 2. Keep currency as $20.00. 3. Enter valid email. 4. In Card information, enter an invalid/declined card number. 5. Fill expiry, CVC, name, country. 6. Click Pay. | D18: 1. Stripe shows an error message that the card was declined. 2. User stays on the Stripe payment page, not redirected to success page. | E18: Pass

Sheet Test Report
B1: TEST REPORT
B3: Project Name | C3: <Project Name> | E3: Creator
B4: Project Code | C4: <Project Code> | E4: Reviewer/Approver
B5: Document Code | C5: =C4&"_"&"Test Report"&"_"&"vx.x" -> <Project Code>_Test Report_vx.x | E5: Issue Date | H5: <Date when this test report is created>
B6: Notes | C6: <List modules included in this release> ex: Release 1 includes 2 modules: Module1 and Module2
B10: No | C10: Module code | D10: Pass | E10: Fail | F10: Untested | G10: N/A | H10: Number of test cases
B11: 1 | C11: =Authentication!B2 -> Authentication | D11: =Authentication!A4 -> 17 | E11: =Authentication!B4 -> 0 | F11: =Authentication!C4 -> 0 | G11: =Authentication!D4 -> 1 | H11: =Authentication!E4 -> 18
C12: =Product!B2 -> Product | D12: =Product!A4 -> 7 | E12: =Product!B4 -> 1 | F12: =Product!C4 -> 0 | G12: =Product!D4 -> 0 | H12: =Product!E4 -> 8
C13: =Cart!B2 -> Cart | D13: ='Order & Payment'!A4 -> 11 | E13: ='Order & Payment'!B4 -> 0 | F13: ='Order & Payment'!C4 -> 0 | G13: ='Order & Payment'!D4 -> 1 | H13: ='Order & Payment'!E4 -> 12
B14: 2 | C14: ='Order & Payment'!B2 -> Order & Payment | D14: ='Order & Payment'!A4 -> 11 | E14: ='Order & Payment'!B4 -> 0 | F14: ='Order & Payment'!C4 -> 0 | G14: ='Order & Payment'!D4 -> 1 | H14: ='Order & Payment'!E4 -> 12
C15: Sub total | D15: =SUM(D10:D14) -> 46 | E15: =SUM(E9:E14) -> 1 | F15: =SUM(F9:F14) -> 0 | G15: =SUM(G9:G14) -> 3 | H15: =SUM(H10:H14) -> 50
C17: Test coverage | E17: =(D15+E15)*100/(H15-G15) -> 100 | F17: %
C18: Test successful coverage | E18: =D15*100/(H15-G15) -> 97.87234 | F18: %
