Workbook
Name ACTION: #REF!
Name ACTION: #REF!
Name ACTION: #REF!

Sheet Cover
C2: TEST CASE
B4: Project Name | C4: <Project Name> | F4: Creator
B5: Project Code | C5: <Project Code> | F5: Reviewer/Approver
B6: Document Code | C6: =C5&"_"&"XXX"&"_"&"vx.x" -> <Project Code>_XXX_vx.x | F6: Issue Date
F7: Version
B10: Record of change
B11: Effective Date | C11: Version | D11: Change Item | E11: *A,D,M | F11: Change description | G11: Reference
B12: <Date when these changes are effective> | G12: <List of documents which are referred in this version.>

Sheet Test case List
D1: TEST CASE LIST
B3: Project Name | D3: =[2]Cover!C4 -> <Project Name>
B4: Project Code | D4: =[2]Cover!C5 -> <Project Code>
B5: Test Environment Setup Description | D5: <List enviroment requires in this system 1. Server 2. Database 3. Web Browser ... >
B8: No | C8: Function Name | D8: Sheet Name | E8: Description | F8: Pre-Condition

Sheet Interface test case
A2: Module Code | B2: Module_Security | J2: Pass
A3: Test requirement | B3: Kiểm tra an ninh của hệ thống web | J3: Fail
A4: Tester
A5: Pass | B5: Fail | C5: Untested | D5: N/A | E5: Number of Test cases | J5: Untesed
A6: =COUNTIF(F9:F997,"Pass") -> 0 | B6: =COUNTIF(F9:F997,"Fail") -> 0 | C6: =E6-D6-B6-A6 -> 7 | D6: =COUNTIF(F$9:F$997,"N/A") -> 0 | E6: =COUNTA(A9:A997) -> 7 | J6: N/A
A8: ID | B8: Test Case Description | C8: Test Case Procedure | D8: Expected Output | E8: Test data | F8: Result | G8: Test data | H8: Description
A9: INT-001 | B9: Verify "Get Product List" API Response Structure (Kiểm tra cấu trúc dữ liệu trả về của API danh sách món ăn) | C9: 1. Mở Postman. 2. Set method GET. 3. Nhập URL: /api/products. 4. Nhấn Send. 5. Kiểm tra Status Code và cấu trúc JSON trong Body. | D9: 1. Status Code: 200 OK. 2. Response trả về là một mảng [] JSON. 3. Mỗi item phải có đủ các trường: _id, name, price, image, category. 4. Thời gian phản hồi < 500ms. | E9: Không có
A10: INT-002 | B10: Verify "Create Order" Data Integrity in Database (Kiểm tra tính toàn vẹn dữ liệu khi tạo đơn hàng) | C10: 1. Dùng Postman gọi API POST /api/orders. 2. Body chứa thông tin đơn hàng hợp lệ. 3. Nhấn Send. 4. Mở MongoDB Compass, vào collection orders, tìm bản ghi mới nhất. | D10: 1. API trả về Status 201 Created. 2. Trong MongoDB, bản ghi mới được tạo có: - totalPrice khớp với tổng tiền gửi lên. - status mặc định là "Pending". - items được lưu đầy đủ. | E10: JSON Body: {"items": [{"id": "ga_ran", "qty": 2}], "address": "123 HCM"}
A11: INT-003 | B11: Verify "Payment Callback" Webhook Processing (Kiểm tra Backend xử lý khi nhận tín hiệu từ cổng thanh toán) | C11: 1. Tạo sẵn một đơn hàng trong DB có ID là ORD-111 (Status: Pending). 2. Giả lập request từ Server Momo bằng Postman: POST /api/payment/callback. 3. Body: { "orderId": "ORD-111", "resultCode": 0, "message": "Success" }. 4. Kiểm tra lại DB. | D11: 1. API Webhook trả về Status 200 hoặc 204 (để báo cho Momo biết đã nhận tin). 2. Trong MongoDB, trạng thái đơn ORD-111 tự động chuyển thành "Paid" (hoặc "Confirmed"). | E11: OrderID: ORD-111 ResultCode: 0 (Success)
A12: INT-004 | B12: Verify API Error Handling (Invalid ID) (Kiểm tra xử lý lỗi khi gửi ID sai định dạng) | C12: 1. Gọi API lấy chi tiết món ăn: GET /api/products/123_sai_format. 2. Nhấn Send. | D12: 1. Status Code: 400 Bad Request (hoặc 404). 2. Response Body chứa message lỗi rõ ràng: "Invalid Product ID". 3. Server KHÔNG bị crash (không hiện lỗi code html dài dòng). | E12: Invalid ID: 123_sai_format
A13: INT-005 | B13: Verify Authentication Token (JWT) (Kiểm tra bảo mật API bằng Token) | C13: 1. Gọi API xem lịch sử đơn hàng: GET /api/users/profile. 2. Trong Header, KHÔNG gửi Authorization (Bearer Token) hoặc gửi Token hết hạn. 3. Nhấn Send. | D13: 1. Status Code: 401 Unauthorized. 2. Response Body: "No token provided" hoặc "Token expired". | E13: Token: Empty / Expired
A14: INT-006 | B14: Verify Google Maps API Integration (Kiểm tra tích hợp API bản đồ) | C14: 1. Gọi API nội bộ tính phí ship: POST /api/shipping/calculate. 2. Body gửi 2 tọa độ (Kho và Khách hàng). 3. Backend sẽ gọi sang Google Maps API để lấy khoảng cách. | D14: 1. Status Code: 200 OK. 2. Trả về đúng số km (ví dụ: 5.5 km) và phí ship tương ứng. 3. Dữ liệu trả về khớp với kết quả check tay trên Google Maps. | E14: Tọa độ A (Kho) Tọa độ B (Nhà khách)
A15: INT-007 | B15: Verify Search API with No Result (Kiểm tra API tìm kiếm khi không có kết quả) | C15: 1. Gọi API tìm kiếm: GET /api/products?keyword=mon_khong_ton_tai. 2. Nhấn Send. | D15: 1. Status Code: 200 OK. 2. Response Body: Trả về mảng rỗng [] (chứ không phải null hay lỗi). | E15: Keyword: xyz123

Sheet Test Report
B1: TEST REPORT
B3: Project Name | C3: <Project Name> | E3: Creator
B4: Project Code | C4: <Project Code> | E4: Reviewer/Approver
B5: Document Code | C5: =C4&"_"&"Test Report"&"_"&"vx.x" -> <Project Code>_Test Report_vx.x | E5: Issue Date | H5: <Date when this test report is created>
B6: Notes | C6: <List modules included in this release> ex: Release 1 includes 2 modules: Module1 and Module2
B10: No | C10: Module code | D10: Pass | E10: Fail | F10: Untested | G10: N/A | H10: Number of test cases
B11: 1 | C11: ='Interface test case'!B2 -> Module_Security | D11: ='Interface test case'!A6 -> 0 | E11: ='Interface test case'!B6 -> 0 | F11: ='Interface test case'!C6 -> 7 | G11: ='Interface test case'!D6 -> 0 | H11: ='Interface test case'!E6 -> 7
C13: Sub total | D13: =SUM(D9:D12) -> 0 | E13: =SUM(E9:E12) -> 0 | F13: =SUM(F9:F12) -> 7 | G13: =SUM(G9:G12) -> 0 | H13: =SUM(H9:H12) -> 7
C15: Test coverage | E15: =(D13+E13)*100/(H13-G13) -> 0 | F15: %
C16: Test successful coverage | E16: =D13*100/(H13-G13) -> 0 | F16: %
